{
    "timestamp": "20251121_233104",
    "r_list": [
        64
    ],
    "p_list": [
        0.8,
        0.6
    ],
    "results": {
        "r64_p0.8": {
            "train_time": 11.546566009521484,
            "accuracy": 0.218,
            "flops_gflops": 0.222634496
        },
        "r64_p0.6": {
            "train_time": 11.78970742225647,
            "accuracy": 0.158,
            "flops_gflops": 0.251780864
        }
    }
}